"","country","adminunit","city","covidcases","ndays","kgclzone","tmean","pm25","population","density","oldpop","gdp","oxgcrt","re"
"30","Brazil","Belém","Belem",13177,20,"A",26.6240814208985,8.99520432210988,2491237,22674.8,4.68,5040,61.86,1.5
"40","Brazil","Belo Horizonte","Belo Horizonte",2015,20,"C",22.6195083618164,11.3488831937215,5160724,7379.2,7.8,8799,61.86,1.08
"59","Brazil","Brasília","Brasilia",12663,20,"A",22.5777938842774,8.27537334572925,4421461,846.1,4.9,30792.6666666667,61.86,1.19
"103","Brazil","Cuiabá","Curitiba",895,20,"C",16.2912124633789,4.81163617310358,3040860,3232.2,7.27,10774.6666666667,61.86,1.05
"106","Brazil","Curitiba","Cuiaba",1072,20,"A",26.8758895874024,7.69367622945387,803287,2578.5,4.68,11413.3333333333,61.86,1.05
"148","Brazil","Fortaleza","Fortaleza",26210,20,"A",27.493832397461,4.82549386714217,4116275.5,16704.3,7.65,4592,61.86,1.24
"166","Brazil","Goiânia","Goiania",1954,20,"A",23.3226165771485,11.4481721828449,2182195,2005.6,6.17,8437.66666666667,61.86,1.23
"207","Brazil","João Pessoa","Joao Pessoa",5309,20,"A",27.4751373291016,5.18645387540294,1128883,5400.3,7.9,4377.33333333333,61.86,1.29
"259","Brazil","Maceió","Maceio",7108,18,"A",27.2069046020508,3.58487062253323,1407431,14050.4,6.09,4050.33333333333,61.86,1.65
"263","Brazil","Manaus","Manaus",19857,20,"A",26.3109283447266,15.1187170783269,2396744,12595.7,4.03,8769,61.86,1.28
"305","Brazil","Natal","Natal",3522,20,"A",27.3847229003906,5.0180568651218,1307043,9768.8,7.75,5215.33333333333,61.86,1.21
"357","Brazil","Porto Alegre","Porto Alegre",846,20,"C",20.348583984375,4.56501386981563,3331241,14503.9,6.41,9203.33333333333,61.86,1.06
"372","Brazil","Recife","Recife",16256,20,"A",27.3897048950196,5.22875613576744,3303598,6974.5,6.87,5356,61.86,1.42
"396","Brazil","Salvador","Salvador",13719,20,"A",27.149186706543,3.54380025571866,4420845,15829.1,6.95,5581.66666666667,61.86,1.36
"395","Brazil","São Luís","Sao Luis",9904,20,"A",26.8701553344727,5.08277643187273,530385,4602.1,5.78,3610.33333333333,61.86,1.53
"407","Brazil","São Paulo","Sao Paulo",68198,20,"C",19.7020202636719,13.7667867292073,19443795,20285.3,7.67,15222.3333333333,61.86,1.22
"462","Brazil","Teresina","Teresina",2641,20,"A",26.7423889160156,13.7738127293953,1040221,8304,7.51,3501.66666666667,61.86,1.36
"470","Brazil","Vitória","Vitoria",2969,20,"A",24.8366836547852,6.10923341544703,1164656,9805.6,5.78,11435.6666666667,61.86,1.49
"89","Canada","Calgary Zone","Calgary",4993,19,"D",-4.7734725149054,4.63417862555824,1470322,1852.2,9.3,57369.885,65.38,1.42
"185","Canada","City of Hamilton Health Unit","Hamilton",738,13,"D",3.77862642728368,11.4213221841009,880475.5,8206.9,14.13,41179.93,65.38,1.57
"332","Canada","City of Ottawa Health Unit","Ottawa",2009,14,"D",-0.945579020182269,9.33227235509185,1384629,11165.9,11.31,39504.89,65.38,1.69
"457","Canada","City of Toronto Health Unit","Toronto",12828,19,"D",2.82956390380862,9.47044373334549,6540921,8383.8,11.56,41179.93,46.79,1.52
"130","Canada","Edmonton Zone","Edmonton",623,15,"D",-8.53901424407957,8.6903775691911,1241391,4129.2,11,57369.885,65.38,1.35
"373","Canada","Regina Qu'Appelle Regional Health Authority","Regina",80,10,"D",-1.53329162597654,9.74932174449959,264274.5,5731.9,12.78,43880.3333333333,65.38,1.2
"289","Canada","Region de Montreal","Montreal",26351,15,"D",0.755318196614606,9.83932328446297,4195556,20207.3,13,34202.26,65.38,1.56
"476","Canada","Vancouver Health Service Delivery Area","Vancouver",908,20,"C",4.3877624511719,10.6290551069585,1760166,2466,11.76,35381.3333333333,25.64,1.64
"486","Canada","Winnipeg Regional Health Authority","Winnipeg",217,10,"D",-4.58297635591945,10.7943342079747,891344.5,3834.3,13.94,34573.385,65.38,1.57
"34","China","Beijing","Beijing",420,20,"D",-2.32209167480466,80.4026989941063,13033601,35522.2,13.31,15756.3333333333,58.65,1.2
"165","China","Guangzhou","Guangzhou",456,20,"C",14.880648803711,37.5025458384121,7567325,14240.7,8.91,9155,63.78,0.96
"187","China","Hangzhou","Hong Kong",193,16,"C",16.4034763336182,24.8105431824021,8154579,32289.7,17.7,62375,58.65,1.04
"188","China","Hong Kong","Hangzhou",1118,18,"C",9.9988967895508,52.4280755410211,3381629,15459.9,10.81,10421,62.5,1.11
"243","China","Lanzhou","Lanzhou",37,11,"B",-3.4063615278764,48.567180504951,3284718,8900.5,9.13,3168,58.65,1.04
"310","China","Nanjing","Nanjing",93,20,"C",6.54299926757815,56.3145577778874,4926510,53108.1,13.28,10254,63.78,1.01
"389","China","Shanghai","Shanghai",341,20,"C",7.07946624755862,45.584823753757,22102012,14681.7,15.98,16548,58.65,1.09
"449","China","Tangshan","Tangshan",58,18,"D",-0.360328674316383,59.1602846066937,2536449,19671,10.17,5302.33333333333,62.5,1.12
"450","China","Tianjin","Tianjin",136,20,"D",0.323992919921898,87.0924086390661,7356207,15598.7,16.85,14322,63.78,1.17
"494","China","Wuhan","Wuhan",38522,20,"C",5.07604217529299,56.0048761413627,7805706,44001.9,10.17,5302.33333333333,16.03,1.73
"495","China","Xi'An","Xian",120,20,"C",4.25755767822268,69.0020986221577,5905000,5400,10.15,5049.66666666667,63.78,0.99
"3","United States","Akron","AKRON  (OH)",1505,16,"D",8.05532608032229,9.65067785420177,199110,1368.2,14.1,42511.175,61.86,1.19
"5","United States","Albany","ALBANY  (NY)",1930,20,"D",5.18300781250002,5.57083460849811,97856,2535.4,13.96,46996.975,61.86,1.11
"6","United States","Albuquerque","ALBUQUERQUE  (NM)",1575,20,"B",10.1826431274414,9.11862534111928,545852,2212.2,11.28,45276.29,61.86,1.52
"8","United States","Allentown","ALLENTOWN  (PA)",6941,17,"D",8.56947703642006,6.29913591576934,118032,3630.9,12.78,52114.6666666667,61.86,1.65
"12","United States","Anaheim","ANAHEIM  (CA)",6783,20,"C",14.4871398925781,8.03911270687821,336265,5670,5.16,47585.3333333333,61.86,1.51
"10","United States","Anchorage","ANCHORAGE  (AK)",258,14,"D",-0.825870622907343,12.9746729438825,291826,895.2,5.86,61275.3333333333,61.86,1.19
"13","United States","Ann Arbor","ANN ARBOR  (MI)",1367,18,"D",6.02610677083336,8.90199998100043,113934,4409.1,10.02,36264,61.86,1.36
"14","United States","Annandale","ANNANDALE  (VA)",11815,17,"C",12.1092485215929,9.16538898767864,41008,2847.4,8.43,49246,61.86,1.37
"20","United States","Atlanta","ATLANTA  (GA)",17377,20,"C",17.8661071777344,9.14339588390112,420003,1080.6,7.28,62350.085,58.01,1.66
"19","United States","Atlantic City","ATLANTIC CITY  (NJ)",2292,11,"C",8.65151089754974,6.38736650925861,39558,2814.5,13.68,52114.6666666667,61.86,1.58
"2","United States","Augusta","AUGUSTA  (GA)",622,11,"C",18.4684459013098,9.19527864477414,196939,252.6,11.26,40476,61.86,1.46
"18","United States","Austin","AUSTIN  (TX)",3501,20,"C",19.1924850463867,7.81235793993052,790390,1628.5,7.22,50800.97,61.86,1.46
"21","United States","Aztec","AZTEC  (NM)",1884,10,"B",8.73498229980471,4.68022390749682,6763,954.1,5.46,36106.3333333333,61.86,1.1
"35","United States","Bakersfield","BAKERSFIELD  (CA)",2462,14,"B",13.5120766775949,11.1959109214031,347483,1402.2,10.13,47585.3333333333,61.86,1.48
"41","United States","Baltimore","BALTIMORE  (MD)",12382,19,"C",10.5838096217105,9.12000216572242,620961,2256.3,12.66,54045.435,61.86,1.58
"56","United States","Barnstable","BARNSTABLE  (MA)",1443,16,"C",5.14066085815432,5.27225684016658,44254,230,13.34,53721.3333333333,61.86,1.28
"26","United States","bath","BATH  (NY)",295,10,"C",16.0183654785156,7.72143158656559,12379,245.6,10.6,36692.3333333333,61.86,1.18
"66","United States","Baton Rouge","BATON ROUGE  (LA)",4000,17,"C",21.8219597311581,9.22497774064632,229493,1777.7,9.77,47799.81,61.86,1.66
"53","United States","Birmingham","BIRMINGHAM  (AL)",2878,20,"C",18.1938842773438,8.7500526465774,212237,2306.5,12.72,54122.065,61.86,1.3
"43","United States","Boise City","BOISE CITY  (ID)",867,14,"C",6.86319449288507,6.28907875382377,205671,353.9,10.38,34002.3333333333,61.86,1.42
"65","United States","Boston","BOSTON  (MA)",49900,20,"D",6.04483642578127,7.02772588110013,617594,10917.7,12.95,77140.3,49.68,1.81
"38","United States","boulder","BOULDER  (CO)",1004,18,"B",1.84707200792103,5.74943509542689,97385,4733.2,9.4,47942,61.86,1.33
"32","United States","Buffalo","BUFFALO  (NY)",6308,20,"D",5.29875335693362,8.608865183261,261310,3082,15.84,39390.165,61.86,1.49
"51","United States","Burlington","BURLINGTON  (VT)",495,16,"D",5.2761169433594,5.70687088521973,24498,1167,11.34,38521.3333333333,61.86,1.42
"97","United States","Canton","CANTON  (OH)",782,12,"D",9.50282968374401,8.85026894150382,73007,1213.6,14.65,38972,61.86,1.4
"101","United States","carlisle","CARLISLE  (PA)",657,11,"C",9.13195800781252,7.29060914462918,18682,4595,14.63,41271.3333333333,61.86,1.87
"72","United States","Cedar Rapids","CEDAR RAPIDS  (IA)",978,11,"D",7.86210160688923,6.89814463314497,126326,1776.8,12.32,42965.6666666667,61.86,1.39
"82","United States","Charleston","CHARLESTON  (SC)",674,15,"C",18.8346272786459,18.6438517591375,120083,1049.1,10.37,40343.575,61.86,1.3
"85","United States","charleston (WV)","CHARLESTON  (WV)",245,10,"C",14.0180694580078,6.79657149793722,51400,1989.3,15.26,30961,61.86,1.2
"81","United States","Charlotte","CHARLOTTE  (NC)",4851,20,"C",16.3470199584961,9.65514101059787,731424,4985.7,9.01,71056.94,61.86,1.47
"84","United States","chattanooga","CHATTANOOGA  (TN)",974,14,"C",16.0357997349331,7.08206240474414,167674,499.9,9.31,40476,61.86,1.27
"76","United States","Chicago","CHICAGO  (IL)",97236,20,"D",3.48291320800784,11.2286428309398,2695598,7364.9,10.88,55965.605,58.01,1.65
"95","United States","Cincinnati","CINCINNATI  (OH)",2767,15,"C",11.5640645345052,9.12540284723073,296943,3656.5,11.69,48995.09,61.86,1.6
"93","United States","Cleveland","CLEVELAND  (OH)",5774,20,"D",5.65412292480471,10.4030498423427,396815,475.6,15.38,59358.22,61.86,1.47
"92","United States","Colorado Springs","COLORADO SPRINGS  (CO)",1788,18,"B",4.38562418619794,4.49014149555671,416427,1280.6,8.63,41302.67,61.86,1.29
"98","United States","Columbia","COLUMBIA  (SC)",2219,18,"C",18.0632110595703,9.76395728078361,129272,526,9.96,44300.61,61.86,1.53
"90","United States","Columbus","COLUMBUS  (OH)",6297,18,"C",10.0349568684896,9.68382608281614,787033,1389.3,10.09,53033.55,61.86,1.4
"102","United States","corpus christi","CORPUS CHRISTI  (TX)",285,12,"C",23.3108154296875,16.5616410637826,305215,272.2,10.74,44974.6666666667,61.86,1.39
"115","United States","Dallas","DALLAS  (TX)",11243,20,"C",17.5743606567383,8.70596530040916,1197816,2247.5,7.37,66879.61,61.86,1.47
"127","United States","Davenport","DAVENPORT  (IA)",1074,11,"D",8.82455388849434,7.73401487397861,99685,1755.3,14.4,42965.6666666667,61.86,1.46
"129","United States","Dayton","DAYTON  (OH)",720,12,"C",11.2205698649089,10.1090494921985,5338,2984.3,13.36,45560.985,61.86,1.53
"128","United States","Daytona Beach","DAYTONA BEACH  (FL)",784,12,"C",22.4007837931315,6.66704824179043,61005,260,17.75,37657.3333333333,61.86,1.41
"117","United States","Denver","DENVER  (CO)",11745,20,"B",4.50010681152346,5.63333582532954,600158,2722.2,8.99,60559.16,61.86,1.65
"124","United States","Des Moines","DES MOINES  (IA)",4541,15,"D",7.12806472778323,6.93427990950649,203433,587.6,11.8,60866.56,61.86,1.35
"126","United States","Detroit","DETROIT  (MI)",36107,20,"D",5.1342483520508,9.96006411840477,713777,1463.8,12.15,51957.915,61.86,1.6
"119","United States","Dover","DOVER  (DE)",1454,12,"C",10.9650639851888,8.41909039985011,36047,583.4,15.62,66070.6666666667,61.86,1.6
"121","United States","Durham","DURHAM  (NC)",1845,20,"C",15.4418197631836,8.79056557746334,228330,2238,10.47,42208.3333333333,61.86,1.25
"418","United States","East St. Louis","EAST ST. LOUIS  (IL)",1230,10,"C",13.3880584716797,6.30312143162927,27006,790.3,8.02,47422.3333333333,61.86,1.39
"131","United States","El centro","EL CENTRO  (CA)",2493,10,"B",20.2992095947266,7.16973722074082,42598,3634.5,5.16,47585.3333333333,61.86,1.13
"133","United States","El Paso","EL PASO  (TX)",3082,12,"B",17.6510813395183,16.4012856153819,649121,724.8,9.76,31580.745,61.86,1.4
"134","United States","Elizabeth","ELIZABETH  (NJ)",16143,20,"C",8.23898010253908,7.0828929081455,124969,4203.2,11.4,52114.6666666667,61.86,1.63
"136","United States","Essex","ESSEX  (MA)",14969,19,"C",8.33164126747535,7.17279570060841,3478,1305.1,6.27,53721.3333333333,61.86,1.47
"140","United States","Everett","EVERETT  (WA)",3085,20,"C",5.99153594970705,7.21596853862915,103019,4114.8,7.64,47485.3333333333,36.22,1.43
"142","United States","Fargo","FARGO  (ND)",1803,10,"D",2.0559753417969,8.56666208401283,105549,2428.2,13.76,45683.6666666667,61.86,1.2
"143","United States","flint","FLINT  (MI)",2065,15,"D",5.69614664713544,8.4064720433717,102434,1579.9,11.96,36264,61.86,1.47
"149","United States","fort lauderdale","FORT LAUDERDALE  (FL)",7462,20,"A",24.3455154418946,7.37998714265536,165521,1423,17.08,37657.3333333333,61.86,1.56
"150","United States","fort myers","FORT MYERS  (FL)",2176,17,"C",24.9238992130055,7.72043369047718,62298,898,27.17,37657.3333333333,61.86,1.46
"151","United States","fort pierce","FORT PIERCE  (FL)",1299,13,"C",24.0430729792668,6.57576400260727,41590,1188.9,17.08,37657.3333333333,61.86,1.48
"153","United States","Fort Wayne","FORT WAYNE  (IN)",1753,10,"D",8.83809509277346,9.24779871335752,253691,1553.1,12.63,39329.6666666667,61.86,1.23
"152","United States","fort worth","FORT WORTH  (TX)",5761,18,"C",16.6435197618273,8.03560161863823,874168,842,8.46,46769.82,61.86,1.38
"147","United States","Fresno","FRESNO  (CA)",1946,13,"B",13.2420522836539,7.73078400764351,494665,5135.6,10.06,30998.35,61.86,1.31
"176","United States","Gainesville","GAINESVILLE  (FL)",440,18,"C",22.9708207872179,8.53399003097074,124354,1315.8,12.06,37657.3333333333,61.86,1.24
"158","United States","Gary","GARY  (IN)",3833,14,"D",6.1731140136719,8.06225301020821,80294,1325.3,11.19,39329.6666666667,61.86,1.48
"171","United States","Grand haven","GRAND HAVEN  (MI)",844,14,"D",4.40264064243864,9.45873219189117,10412,1504.2,10.02,36264,61.86,1.31
"173","United States","Grand Rapids","GRAND RAPIDS  (MI)",3851,16,"D",5.49803314208987,7.94455610605042,188040,2877.7,10.37,51211.155,61.86,1.32
"174","United States","Greensboro","GREENSBORO  (NC)",1445,15,"C",14.305019124349,7.05401433666841,269666,2000.6,13.44,42208.3333333333,61.86,1.36
"170","United States","greensburg","GREENSBURG  (PA)",458,13,"C",10.0140202448918,5.50478933303958,14892,1562.8,12.37,41271.3333333333,61.86,1.47
"175","United States","greenville","GREENVILLE  (SC)",1773,17,"C",16.5816140567555,9.1693270457134,58409,792.4,12.9,33801,61.86,1.42
"191","United States","Harrisburg","HARRISBURG  (PA)",1404,12,"C",10.014660135905,7.6728239465947,49528,4625.9,14.38,50989.625,61.86,1.52
"192","United States","Hartford","HARTFORD  (CT)",10636,19,"D",6.47332474557979,5.80407673120194,124775,5311.3,13.76,58867.3333333333,61.86,1.47
"189","United States","honolulu","HONOLULU  (HI)",428,17,"A",23.0530980727252,5.9067429099878,337256,2236.1,13.33,46158.6666666667,61.86,1.49
"194","United States","Houston","HOUSTON  (TX)",13603,19,"C",21.6552560906661,8.97837286923598,2099451,2770.7,7.77,64389.53,61.86,1.5
"202","United States","Indianapolis","INDIANAPOLIS  (IN)",10095,18,"C",9.29498528374568,8.48689744328424,820445,2004.3,10.52,62643,61.86,1.41
"204","United States","Iowa city","IOWA CITY  (IA)",623,15,"D",5.34606628417971,8.63888020917685,67862,4484.6,12.85,42965.6666666667,58.01,1.64
"206","United States","Jacksonville","JACKSONVILLE  (FL)",1743,20,"C",22.8600509643555,7.71209880262559,821784,5465.2,11.09,42802.875,61.86,1.58
"208","United States","Jersey city","JERSEY CITY  (NJ)",20404,20,"C",7.99948883056643,7.70947332135754,247597,6462,12.78,52114.6666666667,61.86,1.74
"211","United States","Kalamazoo","KALAMAZOO  (MI)",874,11,"D",7.67488736239349,10.4874692868674,74262,1332,10.02,36264,61.86,1.45
"214","United States","Kansas City","KANSAS CITY  (KS)",3178,20,"C",10.3747344970703,6.87759266888878,145786,2522,11.51,53018.555,61.86,1.44
"213","United States","kenosha","KENOSHA  (WI)",1246,12,"D",3.45300191243492,9.48242746200481,99218,1525.9,7.67,40955.3333333333,61.86,1.44
"216","United States","Knoxville","KNOXVILLE  (TN)",559,14,"C",15.086075265067,7.20090422145586,178874,1358.6,13.53,38376.6666666667,61.86,1.32
"226","United States","lafayette (IN)","LAFAYETTE  (IN)",908,13,"D",9.69070997971757,8.83918862527515,67140,2618.2,7.38,39329.6666666667,61.86,1.39
"232","United States","Lake charles","LAKE CHARLES  (LA)",621,12,"C",21.5001286824544,10.9847426460282,71993,107,11.38,44400.6666666667,61.86,1.3
"233","United States","lakeland","LAKELAND  (FL)",1100,15,"C",24.0951457977295,9.41218871180359,97422,623.4,17.75,37657.3333333333,61.86,1.53
"238","United States","lancaster","LANCASTER  (PA)",3308,14,"C",9.37599661690851,7.71111081979684,59322,3100,14.63,41271.3333333333,61.86,1.57
"242","United States","lansing","LANSING  (MI)",755,15,"D",5.46995697021487,7.999834740512,48579,5658.8,10.02,36264,61.86,1.4
"251","United States","las vegas","LAS VEGAS  (NV)",7147,20,"B",10.8870315551758,6.93350249108429,583756,1700,10.87,45509.19,61.86,1.65
"113","United States","Layton","LAYTON  (UT)",518,17,"D",5.96144121955425,7.82905431887936,65622,2659.82,5.16,47585.3333333333,61.86,1.38
"252","United States","Little Rock","LITTLE ROCK  (AR)",1039,14,"C",16.5032047816686,8.43322066639331,193524,123.1,11.22,50491.02,61.86,1.4
"249","United States","Los Angeles","LOS ANGELES  (CA)",59692,20,"C",13.667448425293,11.5937195000871,3792621,2772.5,9.93,49492.66,36.22,1.79
"246","United States","louisville","LOUISVILLE  (KY)",2942,17,"C",12.5665168313419,8.32774294375007,597337,4627,12.46,47035.105,61.86,1.37
"272","United States","madison (WI)","MADISON  (WI)",795,20,"D",4.84647369384768,9.92855746151813,233209,8345.3,9.9,61390.275,61.86,1.17
"264","United States","mcallen","MCALLEN  (TX)",634,10,"B",25.4040100097656,14.1135160724314,142696,1155,9.65,17995.705,61.86,1.01
"277","United States","melbourne","MELBOURNE  (FL)",438,10,"C",23.5185089111328,5.8725551499502,76068,168.6,17.75,37657.3333333333,61.86,1.37
"304","United States","Melville","MELVILLE  (NY)",80866,20,"C",7.51878204345705,10.1220041775874,1369514,1855.3,12.78,53680,49.68,1.85
"281","United States","memphis","MEMPHIS  (TN)",5663,17,"C",15.6942562327666,9.19887112408949,646889,5044.5,10.04,47911.92,61.86,1.33
"274","United States","Miami","MIAMI  (FL)",18779,20,"A",24.6636260986328,7.86719175406042,399457,4291.6,16.4,44722.975,61.86,1.72
"265","United States","middlesex","MIDDLESEX  (NJ)",16072,20,"C",8.05393981933596,6.22747628090366,13635,1496.6,12.78,52114.6666666667,61.86,1.66
"266","United States","Middletown","MIDDLETOWN  (OH)",948,13,"D",6.46479187011721,5.29779447270114,28086,4042.8,11.83,38972,61.86,1.69
"280","United States","milwaukee","MILWAUKEE  (WI)",9153,20,"D",3.61672058105471,10.4932662278856,594833,2388,12.56,54364.905,61.86,1.34
"285","United States","minneapolis","MINNEAPOLIS  (MN)",12119,20,"D",3.37666931152346,8.07834438512535,382578,5962.6,9.72,59371.1,61.86,1.3
"292","United States","Mobile","MOBILE  (AL)",2324,12,"C",21.8597401936849,12.3154007050741,195111,406.8,13.09,34138,61.86,1.47
"271","United States","Modesto","MODESTO  (CA)",792,10,"C",13.1849273681641,7.15769699268861,201165,1041.2,5.16,47585.3333333333,61.86,1.41
"293","United States","Monroe","MONROE  (LA)",1354,13,"C",19.2931410569411,11.6453621098503,48815,1172.5,13.03,44400.6666666667,61.86,1.5
"287","United States","Montgomery","MONTGOMERY  (AL)",1858,12,"C",20.1624618530274,8.78728038035069,205764,755.6,12.61,34138,61.86,1.4
"300","United States","Myrtle Beach","MYRTLE BEACH  (SC)",479,14,"C",16.9831089564732,10.5814256063487,27109,1524.7,13.63,42208.3333333333,61.86,1.36
"302","United States","Nampa","NAMPA  (ID)",322,11,"B",6.99701427112928,5.79918304715194,81557,2954.8,10.38,34002.3333333333,61.86,1.34
"303","United States","Nashua","NASHUA  (NH)",2761,17,"D",4.94816786822153,5.5482607602979,86494,2883.1,13.34,43672.6666666667,61.86,1.61
"316","United States","nashville","NASHVILLE  (TN)",5926,20,"C",13.7668197631836,7.32514863770517,601222,292.9,10.46,56294.98,61.86,1.41
"319","United States","new haven","NEW HAVEN  (CT)",11582,19,"C",6.4553450734992,6.6039713883397,129779,4129.8,12.78,58867.3333333333,61.86,1.61
"320","United States","new london","NEW LONDON  (CT)",1186,11,"C",6.63361372514207,5.58516931877561,27620,2973.9,13.76,58867.3333333333,61.86,1.46
"321","United States","New Orleans","NEW ORLEANS  (LA)",14955,20,"C",23.0291366577149,9.88812693641495,343829,432.1,11.37,56937.695,61.86,1.54
"323","United States","New York","NEW YORK  (NY)",205406,20,"C",7.8477233886719,9.51544450332717,8175133,13073.6,12.41,67702.47,40.06,2.11
"322","United States","newark","NEWARK  (NJ)",24460,20,"C",7.72145233154299,7.07180943073897,277140,1586.5,12.78,52114.6666666667,61.86,1.68
"318","United States","newburgh","NEWBURGH  (NY)",11062,20,"D",6.3069290161133,5.50422543749564,28866,2860,12.78,53680,61.86,1.43
"308","United States","Niles","NILES  (MI)",646,12,"D",8.01674804687502,8.97487738748444,11600,1866.7,10.02,36264,61.86,1.32
"313","United States","Norfolk","NORFOLK  (VA)",2801,17,"C",14.1162658691406,8.06843346448664,242803,2939.6,9.8,47128.64,61.86,1.58
"326","United States","Oakland","OAKLAND  (CA)",5188,20,"C",11.5750015258789,7.31801253816508,390724,6614.8,11.17,47585.3333333333,49.68,1.64
"325","United States","Oklahoma City","OKLAHOMA CITY  (OK)",1328,18,"C",13.6139346652561,5.66599760337507,579999,705.2,11.37,44577.705,61.86,1.34
"327","United States","Omaha","OMAHA  (NE)",4775,20,"D",6.56233215332034,8.19637442557091,408958,310,10.95,52623.78,61.86,1.43
"328","United States","Orlando","ORLANDO  (FL)",2681,20,"C",23.8558837890625,6.75945721570451,238300,1776,12.35,47691.205,61.86,1.54
"344","United States","Palm beach","PALM BEACH  (FL)",6688,20,"A",24.5085845947266,7.2538671584694,8348,798,15.15,37657.3333333333,61.86,1.57
"48","United States","Paterson","PATERSON  (NJ)",34719,20,"C",7.12949523925784,8.42338356419412,146199,42.02,12.78,52114.6666666667,58.01,1.74
"351","United States","Pensacola","PENSACOLA  (FL)",866,12,"C",21.7362482706706,15.4799703867628,51923,1260.1,12.74,37657.3333333333,61.86,1.17
"340","United States","philadelphia","PHILADELPHIA  (PA)",56055,20,"C",9.97594146728518,7.93154416270415,1526006,4969.1,13.98,54347.445,58.01,1.86
"341","United States","Phoenix","PHOENIX  (AZ)",11229,18,"B",17.1267622205946,10.9449601790677,1445632,623.8,11.67,47691.32,61.86,1.36
"363","United States","pittsburgh","PITTSBURGH  (PA)",1965,20,"C",9.49037017822268,6.23259480784993,305704,6740.5,17.81,63152.345,61.86,1.45
"349","United States","Plymouth","PLYMOUTH  (MA)",8282,17,"D",6.3348327636719,8.53457959664878,58271,1437,10.02,36264,61.86,1.45
"354","United States","Portland","PORTLAND  (OR)",2312,16,"C",7.09780120849612,5.58960268267128,583776,4456.3,10.33,56704.71,61.86,1.54
"360","United States","portland (ME)","PORTLAND  (ME)",1244,20,"D",3.20228729248049,6.24145167156006,25002,2412.5,14.15,36692.3333333333,61.86,1.33
"361","United States","Providence","PROVIDENCE  (RI)",12153,20,"C",5.83814544677737,6.48771664131987,178042,3814.9,14.78,44354.685,61.86,1.48
"355","United States","Provo","PROVO  (UT)",2088,14,"D",3.07315761021208,8.10358172922005,112488,4080.6,3.95,39476.3333333333,61.86,1.56
"376","United States","raleigh","RALEIGH  (NC)",1977,18,"C",15.3174728393555,9.7012964021055,403892,3426.5,7.95,52985.145,61.86,1.5
"371","United States","reading","READING  (PA)",4152,15,"C",8.52912394205731,7.30871750155549,88082,3425,13.68,41271.3333333333,61.86,1.52
"374","United States","Reno","RENO  (NV)",1752,20,"C",1.7935012817383,3.66445845189103,225221,2870.6,11.08,44978.3333333333,61.86,1.5
"367","United States","Richmond","RICHMOND  (VA)",5165,19,"C",13.9338237561678,8.81091662443514,204214,4816.2,12.71,73524.875,61.86,1.74
"379","United States","Riverside","RIVERSIDE  (CA)",13953,20,"C",11.9356735229492,8.84200654741692,303871,1522.6,10.13,47585.3333333333,61.86,1.78
"368","United States","rochester","ROCHESTER  (NY)",3083,20,"D",4.62527008056643,6.96761698802844,210565,3523,13.59,53680,61.86,1.45
"369","United States","Rockville","ROCKVILLE  (MD)",12226,20,"C",11.1100372314453,8.11383527151559,61209,2844.3,4.79,47547.3333333333,61.86,1.49
"381","United States","Sacramento","SACRAMENTO  (CA)",1490,20,"C",12.1041809082031,6.9218789995939,466488,3690.7,11.33,44379.3,61.86,1.56
"394","United States","Salt Lake City","SALT LAKE CITY  (UT)",5756,20,"D",6.39035797119143,7.29119918431317,186440,1232.8,7.96,57147.925,61.86,1.45
"405","United States","san antonio","SAN ANTONIO  (TX)",2981,19,"C",19.5268718518709,9.68694273793716,1327407,1662.5,10.8,37284.685,61.86,1.5
"384","United States","san diego","SAN DIEGO  (CA)",7798,20,"B",14.3332839965821,7.02113002342355,1307402,10912.3,11.13,54256.185,61.86,1.52
"387","United States","san francisco","SAN FRANCISCO  (CA)",4888,19,"C",11.2305252075196,10.1479905377176,805235,11866.2,10.91,74576.15,47.76,1.5
"398","United States","San Jose","SAN JOSE  (CA)",2876,20,"C",10.1263534545899,6.04658233276701,945942,2744.9,11.17,47585.3333333333,36.22,1.43
"402","United States","Santa Barbara","",1714,15,"C",11.8373474121094,5.0354644784042,88410,1882.2,5.16,47585.3333333333,61.86,1.4
"413","United States","sarasota","SARASOTA  (FL)",1786,19,"C",23.3551092850535,8.39593170807441,51917,1489,27.17,37657.3333333333,61.86,1.58
"382","United States","Scranton","SCRANTON  (PA)",4342,16,"D",5.75217018127444,5.4600009680725,76089,2610.7,18.89,41271.3333333333,61.86,1.65
"427","United States","Seattle","SEATTLE  (WA)",8416,20,"C",6.31661071777346,8.31943812367304,608660,11537.1,10.12,78443.85,24.04,1.51
"420","United States","South bend","SOUTH BEND  (IN)",1337,14,"D",7.17428850446431,8.78924968118262,101168,1582,12.98,39329.6666666667,61.86,1.5
"412","United States","Spartanburg","SPARTANBURG  (SC)",645,10,"C",17.1154083251953,7.33857999838256,37013,981.8,12.9,33801,61.86,1.26
"408","United States","Spokane","SPOKANE  (WA)",653,16,"C",4.32668266296389,4.88467353335438,208916,1463.8,12.46,47485.3333333333,61.86,1.24
"410","United States","Springfield","SPRINGFIELD  (MO)",167,14,"C",12.9816898890904,7.04267860380018,159498,750,15.24,38937.6666666667,61.86,1.14
"409","United States","springfield (MA)","SPRINGFIELD  (MA)",6268,15,"D",5.38489990234377,5.37709495365637,153060,4636.1,13.76,53721.3333333333,61.86,1.38
"416","United States","St. Charles","ST. CHARLES  (MO)",835,12,"C",12.7728591918946,7.03889936295747,65794,1942.4,13.56,38937.6666666667,61.86,1.37
"421","United States","St. Louis","ST. LOUIS  (MO)",7514,17,"C",10.7686473173254,7.10495971598694,319294,3342.2,12.89,49645.99,61.86,1.4
"423","United States","St. Petersburg","ST. PETERSBURG  (FL)",1397,18,"C",22.9967776828342,7.21492260657138,244769,1632,19.1,37657.3333333333,61.86,1.57
"422","United States","stamford","STAMFORD  (CT)",15972,20,"C",7.0810012817383,6.49729419592899,122643,1226,12.78,58867.3333333333,61.86,1.62
"426","United States","State College","STATE COLLEGE  (PA)",158,10,"D",9.21565551757815,5.59055809608766,42034,4650.3,16.5,41271.3333333333,61.86,1.42
"417","United States","stockton","STOCKTON  (CA)",1154,20,"C",12.2265609741211,6.86271859339103,291707,1923,11.17,47585.3333333333,61.86,1.25
"435","United States","Tacoma","TACOMA  (WA)",2060,20,"C",7.1793655395508,8.04879969012121,198397,6320.3,11.07,47485.3333333333,58.01,1.45
"446","United States","Tallahassee","TALLAHASSEE  (FL)",453,10,"C",20.6980163574219,14.8771753240706,181376,159.9,10.86,37657.3333333333,61.86,0.99
"437","United States","Tampa","TAMPA  (FL)",2485,20,"C",23.2254608154297,7.93495621730702,335709,4664.6,11.96,51812.705,61.86,1.42
"454","United States","Toledo","TOLEDO  (OH)",2313,13,"D",7.82942880483776,10.7595419779947,287208,1951.3,13.04,46146.355,61.86,1.41
"284","United States","Toms River","TOMS RIVER  (NJ)",8900,18,"C",9.2602732340495,6.28683250222612,91239,841,12.78,52114.6666666667,61.86,1.49
"459","United States","trenton","TRENTON  (NJ)",7072,19,"C",9.31376278525907,7.13176272516239,84913,4287,12.78,52114.6666666667,61.86,1.56
"439","United States","tucson","TUCSON  (AZ)",2669,16,"B",17.6081577301026,7.09019572487795,520116,1242.5,14.16,33109.95,61.86,1.4
"464","United States","Tulsa","TULSA  (OK)",1126,12,"C",15.0574279785156,8.93611678679376,391906,1223.2,12.12,46715.52,61.86,1.47
"295","United States","Upper Marlboro","UPPER MARLBORO  (MD)",15940,20,"C",11.8509811401367,9.29398559075689,38499,632,4.79,47547.3333333333,61.86,1.61
"477","United States","Vancouver","VANCOUVER  (WA)",583,12,"C",6.53050638834638,5.28475156548344,161791,1416.5,11.33,47485.3333333333,61.86,0.78
"478","United States","ventura","VENTURA  (CA)",1196,20,"C",12.8556900024414,4.70509316424946,106433,1940,10.13,47585.3333333333,61.86,1.45
"469","United States","Visalia","VISALIA  (CA)",2083,14,"B",13.4351155598959,22.0559409356661,124442,901,5.16,47585.3333333333,61.86,1.6
"492","United States","Washington","WASHINGTON  (PA)",2290,20,"C",9.92514801025393,6.70566501730309,13663,2988.6,12.37,41271.3333333333,61.86,1.39
"491","United States","washington (DC)","WASHINGTON  (DC)",9120,20,"C",11.2034057617188,8.81858559059586,601723,109.8,9.05,72136.31,61.86,1.52
"480","United States","wichita","WICHITA  (KS)",626,12,"C",11.8078577677409,9.50173220087794,382368,3077.8,11.73,44815.87,61.86,1.38
"483","United States","Wilmington","WILMINGTON  (DE)",3925,20,"C",10.0565002441406,7.80166149756899,70851,4006.6,11.83,66070.6666666667,61.86,1.54
"487","United States","Winston-Salem","WINSTON-SALEM  (NC)",1566,16,"C",14.8016048431397,7.46654128970158,229617,1950.2,13.44,42208.3333333333,61.86,1.42
"489","United States","Worcester","WORCESTER  (MA)",11529,18,"D",5.03057759602867,5.48979085382948,181045,5528.9,13.34,58867.3333333333,61.86,1.49
"499","United States","york","YORK  (PA)",1038,15,"C",9.39514973958336,7.62062112011285,43718,3199,14.63,41271.3333333333,61.86,1.56
"497","United States","Youngstown","YOUNGSTOWN  (OH)",2060,16,"D",8.15457496643069,7.58450729008283,66982,305.7,14.65,38972,61.86,1.36
"46","United Kingdom","Barnsley","Barnsley/Dearne Valley",982,17,"C",5.76499418370866,6.4470231415517,91297,750,15.97,21953,64.74,1.28
"63","United Kingdom","Basildon","Basildon",489,14,"C",6.78207223074779,6.4206781979708,107133,3562.70249714286,16.66,28122,64.74,1.37
"64","United Kingdom","Basingstoke and Deane","Basingstoke",723,20,"C",6.99300842285159,5.97052469336134,113776,3189.95731096774,16.09,36025,30.13,1.56
"28","United Kingdom","Bedford","Bedford",677,14,"C",6.20331290108819,6.26672968975031,106940,3484.61217333333,15.39,31154.6666666667,64.74,1.34
"493","United Kingdom","Birmingham","West Midlands",3246,20,"C",6.65672454833987,6.08651259345499,2440986,3649,15.2,31719.31,30.13,1.5
"36","United Kingdom","Blackburn with Darwen","Blackburn",412,12,"C",6.89986063639325,6.8709506524588,117963,4291,13.39,25156,64.74,1.42
"44","United Kingdom","Brighton and Hove","Brighton and Hove",447,18,"C",7.58923916286895,7.56630208112312,290395,3508,16.55,35213,64.74,1.36
"60","United Kingdom","Bristol, City of","Bristol",707,19,"C",7.01479813425167,6.29958473342699,707477,4365.7,15.23,41221.725,64.74,1.35
"94","United Kingdom","Cambridge","Cambridge",228,12,"C",6.48406880696617,6.15846674874185,192732,2362.8,14.72,36342,64.74,1.35
"79","United Kingdom","Chelmsford","Chelmsford",414,14,"C",6.84121246337893,5.92455980324789,160000,6225,16.66,28122,40.38,1.69
"80","United Kingdom","Cheltenham","Cheltenham",321,13,"C",6.60233576847959,6.348881936741,111700,2396,17.31,32574,64.74,1.4
"83","United Kingdom","Chesterfield","Chesterfield",227,18,"C",5.63480699327259,6.12788180241724,100800,1526,15.8,35737,64.74,1.43
"87","United Kingdom","Colchester","Colchester",376,12,"C",6.53736775716148,6.69973609731101,121859,3028.59912972973,16.66,28122,64.74,1.35
"109","United Kingdom","Coventry","Coventry",816,20,"C",6.51060485839846,5.83032055639639,502448.5,5924.4,15.13,29891,64.74,1.37
"104","United Kingdom","Crawley","Crawley",210,15,"C",6.71832478841148,6.17035481191262,112448,2500,20.33,34107,64.74,1.34
"120","United Kingdom","Derby","Derby",591,20,"C",6.25384674072268,5.79716750091825,12515,2995,15.8,35737,64.74,1.36
"116","United Kingdom","Doncaster","Doncaster",827,16,"C",6.19268188476565,6.66669547041804,109805,2509.7996,17.07,34981,64.74,1.3
"164","United Kingdom","Gloucester","Gloucester",403,14,"C",6.56183122907368,6.61494945507262,121900,3533,17.31,32574,64.74,1.49
"203","United Kingdom","Ipswich","Ipswich",351,11,"C",6.75039339932531,7.24192225397207,206140.5,538.7,18.11,28910,64.74,1.38
"223","United Kingdom","Leicester","Leicester",905,18,"C",6.34946085611981,6.05256289258374,568230.5,7422.3,14.76,30535.54,64.74,1.44
"256","United Kingdom","Liverpool","Liverpool",1630,20,"C",7.19835052490237,6.53740825924328,864122,4329,16.38,30574.96,64.74,1.44
"239","United Kingdom","London","London",27037,19,"C",7.33009490966799,4.08489944422357,11704709,1353.2,13.47,50196.71,17.95,1.78
"255","United Kingdom","Luton","Luton",773,18,"C",6.34099731445315,5.91498597204627,311648,3750.8,11.77,39174,64.74,1.38
"270","United Kingdom","Maidstone","Maidstone",438,12,"C",6.58703765869143,6.57644058033232,113137,1480,17.19,29331,64.74,1.29
"283","United Kingdom","Manchester","Manchester",1589,20,"C",6.46123504638674,5.77222677661853,1510515,3397.6,15.4,35924.285,40.38,1.63
"286","United Kingdom","Mansfield","Mansfield",132,10,"C",6.14403076171877,6.07756729170551,99600,2482.453685,16.31,24107,64.74,1.1
"273","United Kingdom","Medway","Medway Towns",770,17,"C",6.77479705810549,6.09275804835791,251100,1297,12.61,22941,64.74,1.42
"279","United Kingdom","Milton Keynes","Milton Keynes",510,18,"C",6.30829264322919,5.74697994098568,229941,2612,10.04,53380,64.74,1.25
"314","United Kingdom","Northampton","Northampton",507,14,"C",6.10303431919645,6.25544764060942,4494,126,10.52,27348.3333333333,64.74,1.45
"317","United Kingdom","Nottingham","Nottingham",611,20,"C",6.38138275146487,6.09255928318679,718500,6174,15.58,30356.5,40.38,1.38
"335","United Kingdom","Oxford","Oxford",643,18,"C",6.71324615478518,5.62319480674212,250964,2951.2,14.39,38376,30.13,1.46
"362","United Kingdom","Peterborough","Peterborough",434,15,"C",6.34396769205731,6.16357328850371,210211.5,7522.5,13.99,40925,64.74,1.35
"348","United Kingdom","Plymouth","Plymouth",361,15,"C",8.057483291626,7.8212812450083,355223.5,4376.5,15.92,25978,64.74,1.46
"356","United Kingdom","Preston","Preston",445,10,"C",6.91916809082034,6.57534149499344,122719,862,16.56,27424,64.74,1.19
"370","United Kingdom","Reading","Reading",586,18,"C",6.51497124565975,5.78019572731214,330602,136.8,12.58,54757,64.74,1.41
"388","United Kingdom","Sheffield","Sheffield",2554,19,"C",6.59755706787112,5.50593927932506,1199150,5373.6,16.18,26161.635,20.51,1.64
"392","United Kingdom","Slough","Slough",453,20,"C",7.09118804931643,5.71699922867578,144755,4442,12.58,54757,30.13,1.34
"425","United Kingdom","Southend-on-Sea","Southend-on-Sea",405,13,"C",6.91321833683897,7.26678478387369,482793,880.1,19.17,26911,64.74,1.43
"428","United Kingdom","Stoke-on-Trent","Stoke-on-Trent",779,13,"C",6.70340763972358,7.07741238019738,249000,2664,16.17,25858,64.74,1.32
"397","United Kingdom","Sunderland","Sunderland",1381,16,"C",7.17911682128909,7.85087736189035,404432,3680.2,15.39,27207,64.74,1.6
"432","United Kingdom","Swindon","Swindon",456,12,"C",6.36914469401044,6.05758139083397,209000,5225,13.82,49989,64.74,1.5
"443","United Kingdom","Thanet","Thanet",654,12,"C",7.33667653401695,7.96016434380597,141819,1301,17.19,29331,64.74,1.37
"490","United Kingdom","Warrington","Warrington",776,13,"C",7.20106013371397,7.8152746273133,202228,1119,16.56,27424,64.74,1.43
"482","United Kingdom","Wigan","Wigan",1210,14,"C",7.50307617187502,7.4763981270881,1e+05,3533,14.48,22267,64.74,1.39
"488","United Kingdom","Worcester","Worcester",222,13,"C",6.76455782376805,6.71008700674079,94300,2833,16.36,25741,64.74,1.32
"11","Italy","Ancona","Ancona",1882,16,"C",11.7665306091309,9.112655921308,140944.5,818.9,12.4,31364.3333333333,69.87,1.42
"24","Italy","Bari","Bari",1497,11,"C",11.6098460804333,10.2193810037961,566820.5,2776.3,15.01,26503.825,69.87,1.48
"39","Italy","Bologna","Bologna",5041,17,"C",10.1422596650965,10.9873462416097,615303,2613.8,23.45,48782.605,69.87,1.56
"58","Italy","Brescia","Brescia",14881,20,"C",8.24884338378908,12.4871657865896,196480,2200,16.36,36354,64.42,1.67
"54","Italy","Brindisi","Brindisi",657,10,"C",13.9541534423828,6.6296909015438,141299.5,272.4,16.01,19035,69.87,1.27
"75","Italy","Cagliari","Cagliari",259,12,"C",13.1002237955729,12.0593612702262,310004.5,2832.5,14.33,31668,69.87,1.42
"69","Italy","Catania","Catania",1072,15,"C",12.2689392089844,7.88210669709046,628545,1587.4,14.57,23224.56,69.87,1.44
"144","Italy","Firenze","Florence",3486,20,"C",9.07565155029299,8.56169476664983,1121517,3477.2,22.95,45865.815,64.42,1.63
"161","Italy","Genova","Genoa",5963,14,"C",9.46825125558038,10.2831739372803,925699.5,2357.4,25.19,42574.18,69.87,1.42
"275","Italy","Milano","Milan",23207,20,"C",8.94482116699221,11.6768498323775,2779161,6806.5,17.84,56647.07,64.42,1.63
"312","Italy","Napoli","Naples",2643,20,"C",12.9098297119141,9.37569749733222,2113972,7814.7,12.08,22881.025,64.42,1.57
"336","Italy","Padova","Padua",3932,20,"C",9.02429809570315,15.1143151918617,214125,2300,12.74,37619,64.42,1.47
"347","Italy","Palermo","Palermo",580,10,"C",12.5864288330078,8.79479836995847,1103675,4066.6,14.32,23115.36,69.87,1.38
"342","Italy","Pisa","Pisa",896,14,"C",10.7471274239677,10.7349925332735,191362,454,16.53,35368,69.87,1.55
"378","Italy","Roma","Rome",5716,18,"C",11.1161895751953,11.0142729658002,1704952,2071.2,17.59,48655.94,69.87,1.51
"463","Italy","Torino","Trieste",15770,20,"C",8.45367126464846,7.30986538543945,319201.5,1983.1,12.52,41508,64.42,1.69
"465","Italy","Trieste","Turin",1429,18,"C",9.29878811306426,14.2798217984306,1691263,6828.2,19.16,40262.65,69.87,1.29
"468","Italy","Venezia","Venice",2675,20,"C",9.50352783203127,14.0816134960102,406224,1383,19.73,39531.775,64.42,1.44
"479","Italy","Viterbo","Viterbo",441,10,"C",10.9112335205078,7.81238719430193,64548,160,14.35,25987,69.87,1.44
"50","Germany","Berlin","Berlin",6840,20,"C",5.78613586425783,7.4872407858427,4797014,3850.8,14.56,34798.495,33.01,1.57
"52","Germany","Bremen","Bremen",1330,20,"C",6.83174743652346,5.62065955209526,908955.5,1731.2,16.84,41232.015,33.01,1.46
"123","Germany","Dortmund","Dortmund",801,20,"C",7.37529907226565,7.22674337087828,882693,2018.7,17.95,33162.585,45.19,1.25
"122","Germany","Dresden","Dresden",690,20,"C",4.74286041259768,10.242428773313,795611.5,1618.9,17.95,29908.78,52.24,1.28
"125","Germany","Duesseldorf","Duesseldorf",1576,20,"C",7.8052673339844,6.92694950888761,1202393,2929.5,16.81,47428.715,45.19,1.25
"145","Germany","Frankfurt","Frankfurt",1671,20,"C",7.51281585693362,7.62160928212604,2127164,2789,15.81,56750.4,33.01,1.42
"184","Germany","Hamburg","Hamburg",5128,20,"C",6.35451812744143,5.59657463295014,2617617,2399.6,16.27,51715.15,33.01,1.66
"190","Germany","Hannover","Hannover",2474,20,"C",6.4715530395508,6.74060829234372,876385,2503.2,18.09,40693.75,50.32,1.32
"218","Germany","Koeln","Koeln",2517,20,"C",7.74317169189455,6.59483115014953,1465395,2650.1,15.75,46310.08,33.01,1.59
"248","Germany","Leipzig","Leipzig",621,20,"C",5.27369384765627,9.42924584533407,776235.5,1721.7,17.8,28857.58,59.29,1.22
"282","Germany","Muenchen","Muenchen",6567,20,"C",6.67484436035159,5.31461167967428,1897891,4599.6,14.83,61871.38,30.13,1.82
"429","Germany","Stuttgart","Stuttgart",1502,20,"C",6.49019927978518,7.00934528491042,2078938,2824.8,15.57,52196.33,45.19,1.27
"25","Switzerland","Basel-Stadt","Basel",1132,20,"C",7.10154113769534,8.34669211112675,585635,7608.6,16.64,52566.46,37.18,1.41
"31","Switzerland","Bern","Bern",1896,20,"C",6.83786926269534,6.11756946287896,259295.5,1028.8,17.04,42997,37.18,1.59
"162","Switzerland","Geneva","Geneve",5242,18,"C",6.49585418701174,5.63270201166783,812385,12833.2,12.57,54529.92,23.72,1.67
"419","Switzerland","Sankt Gallen","St. Gallen",793,20,"C",6.40903472900393,7.53477681047123,105858,1915.3,14.21,40905,57.05,1.31
"253","Switzerland","Ticino","Lugano",3284,20,"D",7.39223937988284,8.70416301633338,79059,1982.8,17.33,42326,23.72,1.54
"250","Switzerland","Vaud","Lausanne",5558,20,"C",6.88378753662112,7.70020217617857,249602,3214.4,15.58,43253,37.18,1.55
"501","Switzerland","Zurich","Zürich",3545,20,"C",6.91277465820315,6.94216103676874,895730,4479,14.78,61496.19,23.72,1.68
"301","Japan","Aichi","Nagoya",514,20,"C",9.14344482421877,12.5751795569619,3806279,7107.9,15.18,35724.705,36.54,1.44
"77","Japan","Chiba","Chiba",914,15,"C",10.7500366210938,9.8678448992401,972861,3580,12.1,38747.3333333333,42.31,1.97
"154","Japan","Fukuoka","Fukuoka",747,20,"C",12.2245025634766,17.3271568138805,2788289,4305.1,13.87,29833.86,44.23,1.48
"411","Japan","Hokkaido","Sapporo",1085,20,"D",-1.0300094604492,10.5388783646541,3133786,1675.5,14.76,29148.86,36.54,1.11
"217","Japan","Hyogo","Kobe",702,20,"C",11.4797286987305,12.5666234708179,2292717,2771.8,12.71,31320.6666666667,42.31,0.93
"496","Japan","Kanagawa","Yokohama",1363,14,"C",10.2585259688528,10.1457450644381,5546841,8686.2,12.1,38747.3333333333,30.13,1.46
"330","Japan","Osaka","Osaka",1782,20,"C",10.5270416259766,12.0519667775062,2668586,11966.75,15.43,32991.08,34.62,0.91
"380","Japan","Saitama","Saitama",1008,20,"C",10.8921615600586,11.8187233499955,1266656,5830,12.1,38747.3333333333,42.31,1.3
"452","Japan","Tokyo","Tokyo",5236,12,"C",9.0038528442383,15.0502008275792,26174599,4381.5,14.31,40165.34,23.72,1.04
"353","Czech Republic","  CZ01: Prague","Prague",1065,20,"C",5.25791473388674,9.86911252656352,583087,2650.2,15.54,41702.275,69.23,1.36
"179","Ecuador","Guayas","Guayaquil",15412,13,"A",27.177641413762,10.4286724800628,2739452.61,9101.17146179402,7,11846,46.15,1.39
"447","Estonia","Tallinn","Tallinn",710,18,"D",2.69230041503909,6.42750434345706,537039,3232.1,13.53,27469.375,41.03,1.16
"67","South Korea","busan","Busan",147,13,"C",9.80192542442911,18.8823071321751,5220000,12132.3,7.52,19292.515,53.85,0.7
"110","South Korea","daegu","Daegu",6883,20,"C",5.82812194824221,23.9568159029394,3690000,5042.3,7.36,17797.27,53.85,1.32
"201","South Korea","incheon","Incheon",206,12,"C",8.04918060302737,26.7032033816847,3825000,16775.5,6.29,27110.875,57.69,1.34
"386","South Korea","seoul","Seoul",861,20,"D",4.89676971435549,33.1883746670611,14694000,4981.2,6.29,27110.875,53.85,1.31
"220","Kuwait","Kuwait","Kuwait",29921,18,"B",19.3569854736328,72.2754263216064,3168016.413,6655.49666596639,3,51912,21.79,1.31
"331","Norway","Oslo","Oslo",2620,20,"D",1.6747253417969,3.67231635598673,997500,1449.2,13.67,60611.41,16.67,1.32
"231","Peru","LIMA","lima",158555,15,"B",22.6895202636719,9.64326359177281,8838102,11000,8,13380,57.69,1.45
"262","Philippines","Manila City","Manila",1766,11,"A",29.1758583762429,8.8445815521149,21691140.92,10685.2910935961,5,9277,64.74,1.33
"366","Philippines","Quezon City","Quezon",2766,14,"A",28.7331111363002,10.2849848334567,21691140.92,10685.2910935961,5,9277,64.74,1.47
"391","Singapore","Singapore","Singapore",40405,17,"A",26.877058320887,8.00720561583163,5703600,7804,12,101375,30.13,0.87
"306","France","alpes maritimes","Nice",999,18,"C",10.095085144043,10.0548199294457,802120,4528.5,19.67,35929.26,36.54,1.6
"424","France","bas rhin","Strasbourg",3564,20,"C",8.20207366943362,8.34605829746503,494831,3692.5,11.75,35639.815,42.31,1.29
"296","France","bouches du rhone","Marseille",4443,19,"C",11.6154451069079,13.1586387894724,1494811,24351.3,14.96,35479.405,62.82,1.44
"114","France","cote dor","Dijon",1344,20,"C",8.40070953369143,6.44081443035306,234755,3673.1,15.61,34627,36.54,1.64
"47","France","gironde","Bordeaux",1358,14,"C",11.5013911655971,8.41523453140067,633344,5541,13.45,35675.135,62.82,1.61
"455","France","haute garonne","Toulouse",750,15,"C",11.2420735677084,8.86071499077672,856555,4031.5,12.68,38663.03,62.82,1.52
"288","France","herault","Montpellier",872,20,"C",12.0915618896485,9.56298052795571,411879,4773.5,12.99,30537.41,62.82,1.41
"377","France","ille et vilaine","Rennes",606,16,"C",9.44352302551272,9.8962080606018,303971.5,4053.5,10.94,34177.9,62.82,1.47
"167","France","isere","Grenoble",945,16,"C",6.47265777587893,9.24734132442221,352839,8562.7,11.31,34516.495,62.82,1.46
"311","France","loire atlantique","Nantes",925,16,"C",10.1668354034424,10.8500976214812,496537.5,4594.6,11.67,34898.675,62.82,1.57
"309","France","meuse","Nancy",748,12,"C",7.60241851806643,10.4959542379986,239822,7128.2,15.17,30038,62.82,1.47
"230","France","nord","Lille",3499,18,"C",7.96260138617624,7.20153167189011,750328,6614.1,11.18,29824.935,62.82,1.61
"337","France","paris","Paris",9115,20,"C",8.94152069091799,11.9860501566879,4963177,9705.2,11.46,57111.57,36.54,1.47
"241","France","pas de calais","Lens-Douai",1966,13,"C",7.23458251953127,8.5213809072745,31398,2700,14.96,23699,62.82,1.52
"88","France","puy de dome","Clermont-Ferrand",261,14,"C",7.76959490094868,8.96574696900359,255206,3235.3,17,31288,62.82,1.46
"257","France","rhone","Lyon",4407,20,"C",9.24072265625002,9.91728236485379,1183817,8235.3,11.61,43137.995,42.31,1.52
"229","France","seine maritime","Le Havre",1105,18,"C",8.44768168131513,7.99168603682677,307034,3309.5,14.79,31700,62.82,1.53
"444","Mexico","BAJA CALIFORNIA","Tijuana",5604,20,"B",13.3904907226563,5.17782100692628,2152957,2729.4,3.14,15305.02,48.08,1.53
"474","Mexico","CIUDAD DE MÉXICO","Valley of Mexico",28389,20,"C",20.5159454345703,35.6076515151032,21157000,2213,4.69,20215.63,5.77,1.3
"224","Mexico","GUANAJUATO","Leon",2135,20,"C",24.2655349731446,10.9260044068406,1858626,16759.2,3.94,11477.71,48.08,1.19
"159","Mexico","JALISCO","Guadalajara",2289,20,"C",23.3959701538086,17.8331308198605,3739589,5445,4.55,14193.16,17.31,1.08
"445","Mexico","MÉXICO","Toluca de Lerdo",17158,20,"C",14.5188507080078,22.6252462822175,819561,1813.1,3.76,10234,9.62,1.54
"290","Mexico","NUEVO LEÓN","Monterrey",1725,20,"B",23.3692321777344,21.5210428323116,2978874,2440.4,4.45,25484.05,9.62,0.9
"338","Mexico","PUEBLA","Puebla-Tlaxcala",3611,20,"C",20.3925659179688,26.127624426895,2489599,7950.1,4.63,9023.16,40.38,1.39
"399","Mexico","SAN LUIS POTOSÍ","San Luis Potosi",1086,15,"B",21.3442367553711,9.59139137686955,824229,2140.8,4.62,12304.17,48.08,1.04
"183","Finland","Helsingin ja Uudenmaan","Helsinki",5017,20,"D",1.62513275146487,5.83995907904827,1115957,3123.6,11.42,50028.305,30.13,1.37
"440","Chile","Araucanía","Temuco",2565,20,"C",13.9226348876953,5.17334567528229,371079.5,747,7.72,5387.66666666667,67.31,1.24
"78","Chile","Ñuble","Chillan",1714,20,"C",16.6862747192383,3.7878899788185,224550,391.4,7.84,9236.66666666667,50.64,1.43
"403","Chile","Región Metropolitana","Santiago",129782,20,"C",19.6597274780274,16.4423940121984,2906611,6478.2,6.59,18918.71,38.46,1.47
"475","Chile","Valparaíso","Valparaiso",6096,20,"C",15.3826980590821,5.66663673029471,442938,857.3,8.92,14003.64,67.31,1.15
"57","Australia","Brisbane","Brisbane",586,20,"C",22.306884765625,4.10061158348046,1856353,2023.5,10.8,37519.85,44.87,1.21
"276","Australia","Melbourne","Melbourne",1402,20,"C",16.9357772827149,3.40726254082499,2178625,3224.6,12.22,37744.645,44.87,1.29
"434","Australia","Sydney","Sydney",2017,20,"C",20.4937042236328,5.05529776584647,5956422,3824.3,11.78,39964.66,25.64,1.68
"1","Spain","A_Coruna","A Coruna",4734,20,"C",11.2953231811524,6.25764228211773,427924,6299,19.02,31029,45.83,1.63
"4","Spain","Albacete","Albacete",4775,20,"B",11.6989974975586,6.4254690603039,176147,158.6,17.6,26104,31.41,1.7
"7","Spain","Alicante","Alicante",5335,20,"B",15.7035034179688,18.0090645009166,434758.5,1792.3,16.04,26017,21.79,1.7
"9","Spain","Almeria","Almeria",716,20,"B",14.7994812011719,10.4503196543552,214362.5,704.6,13.44,26505,69.55,1.2
"471","Spain","Araba","Vitoria",3499,20,"C",8.7116653442383,5.06105072261304,285930,918.4,15.34,46938,21.79,1.48
"334","Spain","Asturias","Oviedo",2435,20,"C",8.47516174316408,8.08619469616233,329223.5,1210.3,21.26,29861,45.83,1.41
"22","Spain","Avila","Avila",2170,20,"C",7.89443969726565,7.16653107301546,59258,255,25.13,26310,60.58,1.4
"29","Spain","Badajoz","Badajoz",1462,20,"C",13.3882690429688,7.44540908416957,161210.5,105.1,17.5,22688,69.55,1.21
"345","Spain","Baleares","Palma Mallorca",2318,20,"C",14.4266510009766,6.9321858967808,401270,1900,11.98,35667,31.41,1.67
"45","Spain","Barcelona","Barcelona",45815,17,"C",11.0199523925781,15.6230927787451,4041595,17073,17.14,37751.4,25.64,1.47
"33","Spain","Bizkaia","Bilbao",8587,20,"C",10.4783813476563,5.2280173820139,790963,8601.4,18.27,37253.535,21.79,1.8
"49","Spain","Burgos","Burgos",2993,20,"C",7.85459289550784,4.87763806468806,215410.5,1715.6,20.82,36592,21.79,1.57
"70","Spain","Caceres","Caceres",3856,20,"C",12.8948822021485,5.61307989967049,95855,55,20.03,22058,21.79,1.66
"68","Spain","Cadiz","Cadiz",1563,20,"C",15.5036682128906,7.88907864736931,123948,10000,11.87,23898,45.83,1.5
"404","Spain","Cantabria","Santander",2342,16,"C",11.280680847168,8.94944890341667,178465,5100,18.72,31229,45.83,1.78
"105","Spain","Castellon","Castellon",1756,20,"B",14.1014617919922,6.80398965851512,171669,1600,17.75,30826,45.83,1.54
"74","Spain","Ceuta","Ceuta",222,20,"C",14.6959976196289,10.1170544907226,82376,4500,10.86,29406,69.55,1.11
"71","Spain","Ciudad_Real","Ciudad Real",8122,20,"C",12.1875747680664,5.92890862434783,74921,260,19.16,25023,31.41,1.67
"100","Spain","Cordoba","Cordoba",1696,20,"C",14.8200515747071,7.98478451028811,440336,268,16.7,23301,60.58,1.33
"107","Spain","Cuenca","Cuenca",1906,20,"C",8.04762115478518,6.9719502788693,57032,63,24.39,25420,45.83,1.44
"401","Spain","Gipuzkoa","San Sebastian",2468,20,"C",10.5087417602539,8.82015091642702,186095,3686,17.12,42175,45.83,1.47
"163","Spain","Girona","Girona",4658,20,"C",10.9778121948242,9.03431960275951,97586,2502,17.95,37578,21.79,1.76
"169","Spain","Granada","Granada",3139,20,"C",10.0617919921875,9.89573270035551,432393,2861.7,15.82,23273,45.83,1.52
"160","Spain","Guadalajara","Guadalajara",1841,20,"C",10.5303237915039,5.97884366864157,67388,417.9,20.33,28568,31.41,1.52
"196","Spain","Huelva","Huelva",538,20,"C",15.4682968139649,9.16241029375253,167377,1213.6,14.87,24038,61.86,1.24
"198","Spain","Huesca","Huesca",1237,20,"C",9.15767822265627,12.2573224039015,52347,330,23.96,35584,69.55,1.28
"205","Spain","Jaen","Jaen",1894,20,"C",12.233203125,8.2351409066651,127618,278,17.17,22459,45.83,1.52
"228","Spain","La_Rioja","Logrono",3996,20,"C",9.32486267089846,4.96936690642617,175988,2044.4,19.56,35454,21.79,1.54
"339","Spain","Las_Palmas","Palmas G. Canaria",797,20,"B",16.7575088500977,5.71383016036721,383308,3800,12.18,28124.34,45.83,1.25
"225","Spain","Leon","Leon",3741,20,"C",8.92111816406252,6.41292662923764,201914.5,3376.7,23.44,29365,45.83,1.65
"235","Spain","Lleida","Lleida",3001,20,"C",12.5342468261719,11.8466111511109,139176,660,21.33,38142,45.83,1.51
"254","Spain","Lugo","Lugo",929,20,"C",9.53131256103518,8.1033076650286,98560,300,26.62,26122,63.78,1.24
"269","Spain","Madrid","Madrid",71711,20,"C",9.25487213134768,12.4665560764622,2833937,5676,14.52,42081.335,25.64,1.38
"261","Spain","Malaga","Malaga",4057,20,"C",14.2556793212891,7.92347295171228,803734,1548.3,13.33,23643.81,21.79,1.71
"278","Spain","Melilla","Melilla",139,20,"C",16.0799728393555,11.1215283221102,78476,6380,10.45,27198,69.55,1.11
"299","Spain","Murcia","Murcia",2460,20,"B",16.2446731567383,11.8411568900602,533241.5,534.3,14.21,27096,21.79,1.68
"350","Spain","Navarra","Pamplona",7871,20,"C",8.59578857421877,6.91083654012711,330438.5,8210.6,17.82,40740,21.79,1.82
"329","Spain","Ourense","Ourense",1860,20,"C",9.7476013183594,7.34716796660392,167136.5,1265.2,27.03,25444,45.83,1.48
"346","Spain","Palencia","Palencia",1369,20,"C",9.57342376708987,7.19441887413087,79137,840,22.04,31378,69.55,1.22
"352","Spain","Pontevedra","Pontevedra",3193,20,"C",11.8037979125977,8.00760180210981,82549,701.04,16.77,28515,45.83,1.6
"393","Spain","Salamanca","Salamanca",4401,20,"C",9.36722717285159,5.54206665804275,239736.5,3871.9,22.5,28186,45.83,1.62
"385","Spain","Segovia","Segovia",3566,20,"C",7.67887115478518,5.82157848285857,56660,350,23.03,30067,45.83,1.62
"431","Spain","Sevilla","Sevilla",3015,20,"C",15.4595306396485,7.21825741578905,1309043.5,5283.4,13.06,25264.85,21.79,1.73
"406","Spain","Soria","Soria",2439,20,"C",7.98257904052737,7.70273743082542,39838,150,26.54,30407,45.83,1.45
"460","Spain","Tarragona","Tarragona",2264,20,"C",13.4753387451172,11.3528703086358,152769.5,2613.6,17.74,36984,60.58,1.39
"451","Spain","Tenerife","Tenerife",1663,20,"C",16.973129272461,4.23054745371916,538000,1400,8.72,26993,21.79,1.55
"441","Spain","Teruel","Teruel",642,20,"C",7.17521057128909,6.26144516408801,35396,80,26.82,34544,63.78,1.29
"453","Spain","Toledo","Toledo",5117,20,"C",11.4377197265625,6.47692526880944,70441,401.6,19,26710,21.79,1.65
"473","Spain","Valencia","Valencia",7634,20,"C",15.3858612060547,9.24630366760065,1209304,7356.3,15.46,30225.83,21.79,1.81
"472","Spain","Valladolid","Valladolid",4819,20,"C",9.67004852294924,5.49706588806105,437595,1618.5,16.56,33590,45.83,1.66
"500","Spain","Zamora","Zamora",1051,20,"C",10.034359741211,7.30597007859252,63217,420,27.22,25343,60.58,1.37
"502","Spain","Zaragoza","Zaragoza",4750,20,"B",12.879150390625,7.92574627558362,773209,738.9,19.16,34225.98,31.41,1.65
"180","Vietnam","H? Chí Minh","Ho Chi Minh City",61,13,"A",28.8675875150241,8.09818840083785,11488340.15,7831.17937968643,8,8374,45.51,1.1
"291","Uruguay","MONTEVIDEO          ","Montevideo",571,20,"C",21.5172500610352,5.54713716733645,1310838.772,5530.96528270042,15,22454,46.15,0.91
